Hybrid remote,"North York, ON",['Full-time'],"['sql', 'javascript', 'css', 'html', 'api', 'node', 'bootstrap', 'sass']","[""bachelor's""]"
Remote,"Toronto, ON",[],"['react', 'javascript', 'css', 'html', 'angular', 'cloud']",[]
In-person,"Kitchener, ON",['Full-time'],[],['college']
In-person,"Ottawa, ON",[],"['react', 'node', 'cloud']",[]
Hybrid remote,"Toronto, ON",['Full-time'],"['react', 'javascript', 'css', 'html', 'next.js', 'git', 'node']",[]
In-person,"London, ON",[],"['react', 'javascript', 'css', 'html', 'angular', 'git', 'bootstrap', 'php']",[]
Remote,"Toronto, ON",['Full-time'],"['react', 'javascript', 'css', 'html', 'api', 'figma', 'jquery', 'git', 'bootstrap', 'sass']",[]
In-person,"North Bay, ON",['Full-time'],"['javascript', 'css', 'html', 'jquery', 'git']",[]
Remote,"Stoney Creek, ON",['Full-time'],[],"[""bachelor's""]"
Hybrid remote,"Etobicoke, ON",['Full-time'],"['sql', 'javascript', 'css', 'html', 'next.js', 'angular', 'aws', 'api', 'jquery', 'node', ' java ', 'cloud', 'linux', 'bootstrap', 'sass']","[""bachelor's"", 'university', 'college']"
In-person,"Toronto, ON",['Contract'],"['sql', 'react', 'javascript', 'css', 'html', 'angular', 'api', 'git', 'restful', 'node', 'python', 'cloud', 'linux', 'rails', 'php']",[]
In-person,"North Bay, ON",['Full-time'],[],['certificate']
In-person,"Toronto, ON",[],"['react', 'css', 'html', 'angular', 'api', 'restful']",[]
In-person,"Hamilton, ON",['Full-time'],"['react', 'javascript', 'css', 'html']",[]
Remote,"Guelph, ON",[],"['react', 'javascript', 'css', 'html', 'api', 'git']",[]
Remote,"Toronto, ON",[],"['react', 'javascript', 'css', 'html', 'angular', 'cloud']",[]
Remote,"Toronto, ON",[],"['javascript', 'css', 'html', 'php']",[]
In-person,"Mississauga, ON",['Full-time'],"['javascript', 'css', 'html', 'aws', 'cloud']",[]
In-person,"Toronto, ON",['Contract'],"['react', 'javascript', 'css', 'html', 'angular', 'git', 'sass']",[]
In-person,"North York, ON","['Full-time', 'Part-time']",[],"['college', 'cegep']"
In-person,"Etobicoke, ON",['Full-time'],[],"[""bachelor's""]"
In-person,"Scarborough, ON",['Full-time'],"['javascript', 'css', 'html', 'git']","['college', 'cegep']"
Remote,"Oakville, ON","['Full-time', 'Part-time']","['html', 'xml']","['college', 'cegep']"
In-person,"Kleinburg, ON",['Full-time'],[],"[""bachelor's""]"
In-person,"Richmond Hill, ON","['Full-time', 'Part-time']",[],[]
In-person,"Mississauga, ON",['Full-time'],[],"[""bachelor's""]"
In-person,"Scarborough, ON",['Full-time'],[],"['university', 'college', 'certificate', 'cegep']"
In-person,"Etobicoke, ON","['Full-time', 'Part-time']","['sql', 'javascript', 'html']","['college', 'certificate', 'cegep']"
In-person,"Brampton, ON",['Full-time'],[],"[""bachelor's""]"
In-person,"Markham, ON",['Full-time'],[],"[""bachelor's""]"
In-person,"North York, ON",['Full-time'],[],"[""bachelor's""]"
In-person,"Mississauga, ON",['Full-time'],[],"['college', 'cegep']"
In-person,"Toronto, ON",['Full-time'],"['react', 'javascript', 'css', 'html', 'angular', 'aws', 'api', 'cloud']",[]
In-person,"Concord, ON","['Full-time', 'Part-time']","['javascript', 'css', 'html']","[""bachelor's""]"
In-person,"Brampton, ON","['Full-time', 'Part-time']",[],"['college', 'cegep']"
In-person,"Mississauga, ON",['Full-time'],"['sql', 'javascript', 'css', 'html', 'jquery']","['college', 'cegep']"
In-person,"Barrie, ON","['Full-time', 'Part-time']","['javascript', 'css', 'html', 'php']","[""bachelor's""]"
In-person,"Pickering, ON",['Full-time'],[],"[""bachelor's""]"
In-person,"Mississauga, ON","['Full-time', 'Part-time']","['javascript', 'css', 'html', 'git']","[""bachelor's""]"
In-person,"Georgetown, ON",['Full-time'],[],"[""bachelor's""]"
In-person,"North York, ON","['Full-time', 'Part-time']",[],"['college', 'cegep']"
In-person,"Burlington, ON",['Full-time'],[],"[""bachelor's""]"
In-person,"Toronto, ON",['Full-time'],"['react', 'javascript', 'css', 'html', 'git', 'rails']",['graduate']
In-person,"Brampton, ON",['Full-time'],"['javascript', 'css', 'php']","['university', 'college', 'certificate', 'cegep']"
In-person,"Woodbridge, ON",['Full-time'],['html'],"['college', 'cegep']"
Remote,"Stoney Creek, ON",['Full-time'],[],"[""bachelor's""]"
In-person,"Richmond Hill, ON",['Full-time'],"['javascript', 'css', 'html']","['college', 'cegep']"
In-person,"Mississauga, ON",['Full-time'],[],"['college', 'cegep']"
In-person,"Etobicoke, ON",['Full-time'],"['javascript', 'css', 'html', 'jquery', 'git']","['college', 'cegep']"
In-person,"Guelph, ON","['Full-time', 'Part-time']","['javascript', 'css', 'html', 'angular']","[""bachelor's""]"
In-person,"North Bay, ON",['Full-time'],"['css', 'html']",[]
In-person,"Mississauga, ON",['Full-time'],[],"['college', 'cegep']"
In-person,"Stoney Creek, ON",['Full-time'],"['html', 'linux']","[""bachelor's""]"
In-person,"Bolton, ON","['Full-time', 'Part-time']","['javascript', 'css', 'html']","['college', 'cegep']"
Remote,"Toronto, ON",['Full-time'],"['javascript', 'css', 'html']",[]
In-person,"Kitchener, ON",['Full-time'],[],"[""bachelor's""]"
Remote,"Newmarket, ON",['Full-time'],"['sql', 'react', 'javascript', 'css', 'html', 'api', 'git', 'json', 'node', 'python', 'linux', 'bootstrap', 'django']","[""bachelor's""]"
In-person,"North York, ON",['Full-time'],[],"['college', 'cegep']"
In-person,"Mississauga, ON",['Full-time'],[],"['college', 'cegep']"
In-person,"Mississauga, ON",['Full-time'],[],['certificate']
Hybrid remote,"Ottawa, ON",['Internship/Co-op'],"['sql', 'react', 'javascript', 'css', 'html', 'angular', 'api', 'json', ' java ', 'cloud']","[""bachelor's""]"
In-person,"Concord, ON",['Full-time'],[],['certificate']
In-person,"Mississauga, ON",['Full-time'],[],['certificate']
In-person,"Toronto, ON",['Contract'],"['sql', 'react', 'javascript', 'css', 'html', 'angular', 'api', 'git', 'restful', 'node', 'python', 'cloud', 'linux', 'rails', 'php']",[]
In-person,"Ottawa, ON",['Full-time'],"['javascript', 'css', 'html', 'angular', 'api', 'git', 'python', 'linux', 'django']",[]
Remote,"Toronto, ON",['Part-time'],"['javascript', 'css', 'html', 'aws', 'git']","['graduate', 'college', 'bootcamp']"
In-person,"Markham, ON",['Full-time'],"['react', 'javascript', 'css', 'html', 'aws', 'jquery', 'node', 'c#', 'cloud', 'php']",[]
Remote,"Toronto, ON",['Full-time'],"['sql', 'react', 'javascript', 'css', 'html', 'jquery', 'bootstrap', 'php']",[]
In-person,"Toronto, ON",['Internship/Co-op'],[],[]
In-person,"Toronto, ON",[],"['javascript', 'css', 'html', 'angular']",[]
In-person,"Toronto, ON",['Contract'],"['react', 'javascript', 'css', 'html', 'jquery', 'git', 'sass']",[]
Remote,"Toronto, ON",['Full-time'],"['javascript', 'css', 'html', 'c#']","[""bachelor's""]"
In-person,"Ottawa, ON",[],"['react', 'javascript', 'aws', 'api', 'git', 'node', 'python', 'cloud']","[""bachelor's"", 'certificate']"
In-person,"Mississauga, ON",['Full-time'],"['javascript', 'css', 'html']","['university', 'college', 'certificate', 'cegep']"
In-person,"Concord, ON",['Full-time'],"['javascript', 'css', 'html']","[""bachelor's""]"
In-person,"Scarborough, ON",['Full-time'],"['javascript', 'css', 'html', 'angular', 'c#', 'c++']","['college', 'cegep']"
In-person,"Nepean, ON",['Full-time'],"['sql', 'react', 'javascript', 'css', 'html', 'node', 'rails']","[""bachelor's""]"
In-person,"Ottawa, ON",[],"['sql', 'react', 'javascript', 'css', 'angular', 'git', 'php']",[]
In-person,"Ottawa, ON",['Part-time'],"['javascript', 'css', 'html', 'figma', 'git', 'node', 'python', 'php']",[]
In-person,"Toronto, ON",['Full-time'],"['figma', 'git']",[]
In-person,"Gloucester, ON","['Full-time', 'Part-time']","['sql', 'html', 'c++', 'linux']","[""bachelor's""]"
Remote,"Toronto, ON",['Full-time'],"['react', 'javascript', 'css', 'html', 'aws', 'git']","['graduate', 'university', 'college', 'certificate', 'bootcamp']"
In-person,"Markham, ON",['Full-time'],"['sql', 'javascript', 'css', 'html', 'php']",['college']
In-person,"Welland, ON",['Full-time'],"['angular', 'c++']","['college', 'cegep']"
In-person,"Scarborough, ON",['Full-time'],[],"['university', 'college', 'certificate', 'cegep']"
In-person,"Brampton, ON",['Full-time'],[],"[""bachelor's""]"
In-person,"Markham, ON",['Full-time'],[],"[""bachelor's""]"
In-person,"Mississauga, ON",['Full-time'],[],"['college', 'cegep']"
Remote,"Oakville, ON","['Full-time', 'Part-time']",['html'],"['college', 'cegep']"
In-person,"Brampton, ON",['Full-time'],"['javascript', 'php']","['university', 'college', 'certificate', 'cegep']"
In-person,"Toronto, ON",['Full-time'],[],"['college', 'cegep']"
In-person,"Brampton, ON",['Full-time'],[],"['college', 'cegep']"
Remote,"Oakville, ON","['Full-time', 'Part-time']","['html', 'xml']","[""bachelor's""]"
In-person,"Scarborough, ON",['Full-time'],"['javascript', 'html']","[""bachelor's""]"
In-person,"Scarborough, ON",['Full-time'],[],"[""bachelor's""]"
In-person,"Mississauga, ON","['Full-time', 'Part-time']",[],"['college', 'cegep']"
In-person,"Scarborough, ON",['Full-time'],[],"[""bachelor's""]"
In-person,"Toronto, ON","['Full-time', 'Contract']","['react', 'javascript', 'css', 'html', 'node', 'linux']",[]
In-person,"Ottawa, ON",['Contract'],"['css', 'html', 'git', 'php']",[]
In-person,"Orillia, ON",['Full-time'],[],"['college', 'cegep']"
In-person,"Toronto, ON",[],"['javascript', 'css', 'git', 'sass']",[]
In-person,"Toronto, ON",['Full-time'],[],"[""bachelor's""]"
In-person,"Brampton, ON",['Full-time'],[],"['college', 'cegep']"
In-person,"Richmond Hill, ON","['Full-time', 'Part-time']",[],"['college', 'cegep']"
In-person,"Toronto, ON",['Internship/Co-op'],"['react', 'javascript', 'css', 'html', 'angular']",[]
In-person,"Burlington, ON",[],"['javascript', 'css', 'html', 'angular', 'api', 'c#', 'bootstrap']",[]
Remote,"Kitchener, ON",['Full-time'],"['react', 'javascript', 'css', 'html', 'linux']",[]
In-person,"Etobicoke, ON",[],"['css', 'html', 'git', 'bootstrap', 'php']",[]
