In-person,"Edmonton, AB","['Full-time', 'Part-time', 'Internship/Co-op']","['sql', 'javascript', 'css', 'html', 'api', 'xml', 'c#']",['post-secondary']
In-person,"Edmonton, AB",['Full-time'],"['javascript', 'css', 'html', 'git', 'bootstrap']","[""bachelor's""]"
In-person,"Calgary, AB",[],"['css', 'html', 'git', 'sass']",[]
Remote,"Calgary, AB",['Full-time'],[],"[""bachelor's""]"
Hybrid remote,"Calgary, AB",['Full-time'],"['react', 'javascript', 'css', 'html', 'php']",[]
Remote,"Calgary, AB",['Full-time'],"['javascript', 'css', 'api', 'git', 'c#', 'c++', 'php', 'sass']",['graduate']
In-person,"Cold Lake, AB",['Full-time'],[],"[""bachelor's""]"
In-person,"Edmonton, AB",['Full-time'],[],"['university', 'college', 'certificate', 'cegep']"
In-person,"Calgary, AB",['Full-time'],[],"[""bachelor's""]"
In-person,"Calgary, AB",['Full-time'],"['sql', 'javascript', 'css', 'html', 'xml', 'php']","[""bachelor's""]"
Remote,"Calgary, AB",['Full-time'],"['css', 'html', 'jquery', 'git', 'bootstrap', 'php']","[""bachelor's"", 'certificate']"
In-person,"Edmonton, AB","['Full-time', 'Part-time']","['html', 'c++']","[""bachelor's""]"
In-person,"Medicine Hat, AB",['Full-time'],[],"['college', 'cegep']"
In-person,"Calgary, AB",['Full-time'],[],"['college', 'cegep']"
In-person,"Edmonton, AB","['Full-time', 'Part-time']",[],"['college', 'cegep']"
In-person,"Edmonton, AB",['Full-time'],[],"[""bachelor's""]"
In-person,"Sherwood Park, AB",[],"['javascript', 'css', 'html', 'git', 'cloud', 'php']",[]
In-person,"Edmonton, AB",['Full-time'],[],"[""bachelor's""]"
In-person,"Edmonton, AB",['Full-time'],[],[]
In-person,"Calgary, AB",['Full-time'],[],"[""bachelor's""]"
In-person,"Fort McMurray, AB",['Full-time'],[],"['university', 'college', 'certificate', 'cegep']"
In-person,"Edmonton, AB","['Full-time', 'Part-time']",[],"['college', 'cegep']"
In-person,"Calgary, AB",['Full-time'],[],"['university', 'college', 'certificate', 'cegep']"
In-person,"Calgary, AB",['Full-time'],[],"['college', 'cegep']"
In-person,"Calgary, AB",['Full-time'],"['sql', 'javascript', 'css', 'html', 'xml', 'php']","[""bachelor's""]"
Remote,"Okotoks, AB",['Contract'],[],[]
In-person,"Olds, AB",['Full-time'],[],"[""bachelor's""]"
In-person,"Edmonton, AB",['Full-time'],[],"['university', 'college', 'certificate', 'cegep']"
Remote,"Calgary, AB",['Full-time'],[],"['university', 'college', 'certificate', 'cegep']"
In-person,"Calgary, AB",[],"['css', 'html', 'git', 'sass']",[]
In-person,"Edmonton, AB",['Full-time'],[],"['university', 'college', 'certificate', 'cegep']"
In-person,"Calgary, AB",['Full-time'],[],"[""bachelor's""]"
In-person,"Calgary, AB",['Full-time'],[],"[""bachelor's""]"
In-person,"Calgary, AB",['Full-time'],[],"[""bachelor's""]"
In-person,"Edmonton, AB",['Full-time'],"['css', 'html']",[]
In-person,"Calgary, AB",['Full-time'],[],"['university', 'college', 'certificate', 'cegep']"
In-person,"Edmonton, AB",['Full-time'],"['sql', 'react', 'css', 'angular', 'git', 'linux']","[""bachelor's""]"
In-person,"Edmonton, AB",['Full-time'],[],"['university', 'college', 'certificate', 'cegep']"
In-person,"Calgary, AB",['Full-time'],[],"[""bachelor's""]"
In-person,"Edmonton, AB",['Full-time'],[],"['college', 'cegep']"
In-person,"Calgary, AB",['Full-time'],[],"['college', 'cegep']"
In-person,"Fort McMurray, AB",['Full-time'],[],"['college', 'cegep']"
In-person,"Edmonton, AB","['Full-time', 'Part-time']",[],"[""bachelor's""]"
In-person,"Calgary, AB",['Full-time'],[],"['university', 'college', 'certificate', 'cegep']"
In-person,"Calgary, AB",['Full-time'],"['sql', 'javascript', 'css', 'html', 'php']","['university', 'college', 'certificate', 'cegep']"
In-person,"Edmonton, AB","['Full-time', 'Part-time']",[],"[""bachelor's""]"
In-person,"Calgary, AB",['Full-time'],[],"[""bachelor's""]"
In-person,"Edmonton, AB","['Full-time', 'Part-time']",['html'],"['college', 'cegep']"
In-person,"Calgary, AB",[],"['javascript', 'css', 'html', 'php']",[]
In-person,"Edmonton, AB",['Full-time'],[],"[""bachelor's""]"
Remote,Alberta,[],"['sql', 'react', 'javascript', 'css', 'angular', 'api', 'git', 'node', 'c++', 'php']",['graduate']
In-person,"Edmonton, AB",['Full-time'],[],"['university', 'college', 'certificate', 'cegep']"
In-person,"Calgary, AB",['Full-time'],"['css', 'html']",[]
In-person,"Sherwood Park, AB",['Full-time'],"['javascript', 'html', 'c#']","[""bachelor's""]"
In-person,"Edmonton, AB",['Full-time'],[],"[""bachelor's""]"
In-person,"Fort McMurray, AB",['Full-time'],[],['certificate']
In-person,"Calgary, AB",['Full-time'],[],"['university', 'college', 'certificate', 'cegep']"
In-person,"Fort McMurray, AB",['Full-time'],"['sql', 'react', 'javascript', 'css', 'html', 'api', 'jquery', 'git', 'xml', 'php']","[""bachelor's""]"
In-person,"Edmonton, AB","['Full-time', 'Part-time']",[],"['college', 'cegep']"
In-person,"Calgary, AB",['Full-time'],[],"['college', 'cegep']"
In-person,"Edmonton, AB",['Full-time'],"['css', 'html']","['university', 'college', 'certificate', 'cegep']"
In-person,"Calgary, AB",['Full-time'],"['sql', 'javascript', 'html', 'jquery']","[""bachelor's""]"
In-person,"Calgary, AB",['Part-time'],['git'],[]
In-person,"Nisku, AB",['Full-time'],[],"['university', 'college', 'certificate', 'cegep']"
In-person,"Edmonton, AB",['Full-time'],[],"[""bachelor's""]"
In-person,"Calgary, AB",['Full-time'],"['css', 'html']",[]
In-person,"Calgary, AB",['Full-time'],[],"[""bachelor's""]"
In-person,"Edmonton, AB","['Full-time', 'Part-time']",[],"['college', 'cegep']"
In-person,"Edmonton, AB",['Full-time'],[],"[""bachelor's""]"
In-person,"Calgary, AB",['Full-time'],[],"['college', 'cegep']"
In-person,"Calgary, AB",['Full-time'],[],"['university', 'college', 'certificate', 'cegep']"
In-person,"Calgary, AB",['Full-time'],[],['certificate']
In-person,"Edmonton, AB",['Full-time'],[],"[""bachelor's""]"
In-person,"Calgary, AB","['Full-time', 'Part-time']","['html', 'c++']","[""bachelor's""]"
In-person,"Calgary, AB",['Full-time'],"['javascript', 'html']","['university', 'college', 'certificate', 'cegep']"
In-person,"Edmonton, AB",['Full-time'],[],"['college', 'cegep']"
Remote,"Edmonton, AB",['Contract'],"['css', 'html', 'figma']","['university', 'certificate', 'post-secondary']"
In-person,"Calgary, AB",['Full-time'],[],"['college', 'cegep']"
In-person,"Calgary, AB",['Full-time'],['javascript'],"[""bachelor's""]"
In-person,"Edmonton, AB",['Full-time'],[],"[""bachelor's""]"
Remote,"Edmonton, AB","['Full-time', 'Part-time']",['html'],"[""bachelor's""]"
In-person,"Edmonton, AB",['Full-time'],"['javascript', 'css', 'html', 'php']","['university', 'college', 'certificate', 'cegep']"
In-person,"Edmonton, AB",['Full-time'],[],[]
In-person,"Edmonton, AB",['Full-time'],[],"[""bachelor's""]"
In-person,"Calgary, AB",[],[],[]
In-person,"Edmonton, AB",['Full-time'],[],"['university', 'college', 'certificate', 'cegep']"
In-person,"Edmonton, AB",['Full-time'],"['html', 'api', 'c#', 'php']","[""bachelor's""]"
Remote,"Edmonton, AB",['Contract'],['git'],[]
In-person,"Edmonton, AB",['Full-time'],[],"[""bachelor's""]"
In-person,"Calgary, AB",['Full-time'],"['javascript', 'css', 'html', 'angular', 'api', 'git']","[""bachelor's""]"
In-person,"Calgary, AB",['Full-time'],"['sql', 'javascript', 'css', 'html', 'php']",[]
Remote,Alberta,['Full-time'],"['react', 'javascript', 'css', 'html', 'angular', 'api', 'c#', 'python']","[""bachelor's"", 'graduate']"
In-person,"Edmonton, AB",['Full-time'],"['javascript', 'css', 'html', 'git']","['graduate', 'university', 'undergrad']"
In-person,"Calgary, AB",['Full-time'],['cloud'],['post-secondary']
In-person,"Calgary, AB",['Full-time'],"['react', 'api', 'figma', 'git', 'json', 'c++', 'php', 'sass']",[]
In-person,"Edmonton, AB",['Full-time'],[],"['university', 'college', 'certificate', 'cegep']"
Remote,"Edmonton, AB",['Contract'],"['sql', 'react', 'javascript', 'css', 'html', 'angular', 'aws', 'api', 'node', 'python', 'cloud']",[]
Hybrid remote,"Calgary, AB",['Contract'],"['javascript', 'css', 'html', 'api', 'git']",[]
In-person,"Calgary, AB","['Part-time', 'Contract']","['figma', 'git']",[]
In-person,"Toronto, ON",['Full-time'],[],[]
In-person,"Calgary, AB",['Full-time'],[],['certificate']
In-person,"Calgary, AB",['Full-time'],"['sql', 'javascript', 'css', 'html', 'api', 'jquery', 'git', 'restful', 'json', 'xml', 'linux', 'php']",[]
Hybrid remote,"Calgary, AB",['Full-time'],"['javascript', 'css', 'html', 'git']",[]
