WorkLocation,City,JobTypes,Skills,Education
In-person,"Richmond, BC",['Full-time'],"['react', 'javascript', 'css', 'html']","[""bachelor's""]"
In-person,"Vancouver, BC",['Full-time'],"['react', 'javascript', 'css', 'html', 'figma', 'node']",[]
Hybrid remote,"Vancouver, BC",['Full-time'],"['sql', 'javascript', 'css', 'html', 'jquery', 'git', 'python', 'rails', 'php']",['certificate']
In-person,"Burnaby, BC",['Full-time'],"['sql', 'react', 'javascript', 'css', 'html', 'php']",[]
In-person,"Richmond, BC",['Full-time'],"['sql', 'api', 'node', 'python', 'django', 'php']","[""bachelor's""]"
In-person,"Kelowna, BC","['Full-time', 'Part-time']","['javascript', 'css', 'html', 'jquery']",[]
In-person,"Surrey, BC",['Full-time'],"['react', 'javascript', 'css', 'html', 'cloud', 'bootstrap']",[]
Hybrid remote,"Vancouver, BC",['Full-time'],"['react', 'javascript', 'css', 'html', 'next.js', 'aws', 'api', 'node', 'cloud']",[]
Hybrid remote,"Surrey, BC",['Full-time'],"['javascript', 'css', 'html', 'angular']","[""bachelor's""]"
Remote,"Vancouver, BC",['Full-time'],"['react', 'javascript', 'css', 'html', 'angular', 'api', 'c#', 'python']","[""bachelor's"", 'graduate']"
Hybrid remote,"Vancouver, BC
+1 location",['Full-time'],"['sql', 'react', 'javascript', 'css', 'html', 'angular', 'api', 'restful', 'node', 'c#', 'python', 'php']",[]
In-person,"Vancouver, BC",['Full-time'],[],"['university', 'college', 'certificate', 'cegep']"
In-person,"Abbotsford, BC",['Full-time'],[],"['university', 'college', 'certificate', 'cegep']"
In-person,"Surrey, BC",['Internship/Co-op'],"['react', 'javascript', 'css', 'html', 'angular', 'git', 'node', 'c#', 'cloud', 'linux', 'bootstrap', 'sass']",['graduate']
In-person,"Surrey, BC",['Full-time'],[],"[""bachelor's""]"
In-person,"Surrey, BC",['Full-time'],"['sql', 'react', 'javascript', 'css', 'html', 'jquery', 'python', 'php']","[""bachelor's""]"
In-person,"Victoria, BC",['Full-time'],[],"['college', 'cegep']"
In-person,"Abbotsford, BC",['Full-time'],"['javascript', 'html', 'c++']","[""bachelor's""]"
In-person,"Vancouver, BC",['Full-time'],[],"['college', 'cegep']"
In-person,"Victoria, BC","['Full-time', 'Part-time']",[],"['college', 'cegep']"
In-person,"Delta, BC",['Full-time'],"['sql', 'javascript', 'css', 'html', 'jquery', 'php']","[""bachelor's""]"
In-person,"Vancouver, BC",['Full-time'],"['react', 'css', 'html', 'api', 'git', 'restful']",[]
In-person,"Abbotsford, BC",['Full-time'],['html'],"[""bachelor's""]"
In-person,"Vernon, BC",['Full-time'],[],"[""bachelor's""]"
Hybrid remote,"Burnaby, BC",['Contract'],"['sql', 'react', 'javascript', 'css', 'html', 'aws', 'figma', 'jquery', 'git', 'restful', 'json', 'xml', 'bootstrap', 'sass']","[""bachelor's"", 'university']"
In-person,"Vancouver, BC",['Full-time'],[],"['university', 'college', 'certificate', 'cegep']"
In-person,"Vancouver, BC",['Full-time'],"['javascript', 'css', 'html', 'php']","['college', 'cegep']"
In-person,"Surrey, BC",['Full-time'],[],"['college', 'cegep']"
In-person,"Abbotsford, BC",['Full-time'],[],"['university', 'college', 'certificate', 'cegep']"
In-person,"Vancouver, BC",['Full-time'],"['javascript', 'css', 'html', 'php']","['college', 'cegep']"
Remote,"Vancouver, BC",[],"['javascript', 'css', 'html', 'php']",[]
In-person,"Surrey, BC",['Full-time'],"['sql', 'react', 'css', 'html', 'jquery', 'python', 'php']","[""bachelor's""]"
Remote,"Vancouver, BC",['Full-time'],"['git', 'cloud']",[]
In-person,"Vancouver, BC",['Full-time'],"['sql', 'react', 'javascript', 'css', 'html', 'angular', 'jquery', 'xml', 'php']","['college', 'cegep']"
In-person,"White Rock, BC",['Full-time'],"['sql', 'react', 'javascript', 'css', 'html', 'jquery', 'python', 'php']","[""bachelor's""]"
In-person,"West Vancouver, BC",['Full-time'],[],['college']
In-person,"Chilliwack, BC",['Full-time'],[],"['college', 'cegep']"
Remote,"Vancouver, BC",[],"['sql', 'react', 'javascript', 'css', 'angular', 'api', 'git', 'node', 'c++', 'php']",['graduate']
In-person,"Vancouver, BC",['Full-time'],[],"['college', 'cegep']"
In-person,"Coquitlam, BC","['Full-time', 'Part-time']",[],"['university', 'college', 'certificate', 'cegep']"
In-person,"Burnaby, BC",['Full-time'],"['sql', 'react', 'javascript', 'css', 'html']","[""bachelor's""]"
In-person,"Surrey, BC",['Full-time'],[],"[""bachelor's""]"
Remote,"Burnaby, BC",['Full-time'],"['javascript', 'css', 'html', 'angular', 'jquery', 'sass']","[""bachelor's""]"
Hybrid remote,"Vancouver, BC",['Full-time'],"['react', 'javascript', 'css', 'html', 'node']",[]
In-person,"Surrey, BC",['Full-time'],[],"['college', 'cegep']"
In-person,"Surrey, BC",['Full-time'],[],"[""bachelor's""]"
In-person,"Coquitlam, BC",['Full-time'],[],"[""bachelor's""]"
In-person,"Abbotsford, BC",['Full-time'],[],"['university', 'college', 'certificate', 'cegep']"
In-person,"Port Coquitlam, BC",['Full-time'],[],"['university', 'college', 'certificate', 'cegep']"
In-person,"Surrey, BC",['Full-time'],[],"[""bachelor's""]"
In-person,"Vancouver, BC",['Full-time'],[],"['college', 'cegep']"
In-person,"Maple Ridge, BC",['Full-time'],[],"['college', 'cegep']"
In-person,"Vancouver, BC",['Full-time'],[],['certificate']
In-person,"North Vancouver, BC",['Full-time'],[],"['university', 'college', 'certificate', 'cegep']"
In-person,"Victoria, BC",['Full-time'],[],"['university', 'college', 'certificate', 'cegep']"
Remote,"Vancouver, BC",[],"['css', 'html', 'git', 'cloud']",[]
In-person,"Surrey, BC",['Full-time'],[],"['college', 'cegep']"
In-person,"Surrey, BC",['Full-time'],"['javascript', 'html']","['university', 'college', 'certificate', 'cegep']"
In-person,"Vancouver, BC",['Full-time'],"['sql', 'react', 'javascript']","['university', 'college', 'certificate', 'cegep']"
In-person,"Surrey, BC",['Full-time'],[],"['college', 'cegep']"
In-person,"Surrey, BC",['Full-time'],[],"['college', 'cegep']"
In-person,"Abbotsford, BC",['Full-time'],[],"[""bachelor's""]"
In-person,"Victoria, BC",['Full-time'],[],"[""bachelor's""]"
In-person,"Coquitlam, BC",['Full-time'],[],"['college', 'cegep']"
In-person,"Victoria, BC",['Full-time'],[],"[""bachelor's""]"
In-person,"North Vancouver, BC",['Full-time'],[],"[""bachelor's""]"
In-person,"Abbotsford, BC",['Full-time'],[],"['university', 'college', 'certificate', 'cegep']"
In-person,"Surrey, BC",['Full-time'],[],"[""bachelor's""]"
In-person,"Surrey, BC",['Full-time'],[],"['university', 'college', 'certificate', 'cegep']"
In-person,"Burnaby, BC",['Full-time'],"['sql', 'javascript', 'css', 'html', 'xml', 'c#', 'c++']","[""bachelor's""]"
In-person,"Surrey, BC",['Full-time'],[],"[""bachelor's""]"
In-person,"Surrey, BC",['Full-time'],[],"[""bachelor's""]"
In-person,"Vancouver, BC",['Full-time'],[],"['university', 'college', 'certificate', 'cegep']"
In-person,"Burnaby, BC",['Full-time'],"['react', 'javascript', 'css', 'html', 'angular', 'jquery', 'c++', 'python', 'bootstrap']","[""bachelor's""]"
In-person,"Surrey, BC",['Full-time'],[],"[""bachelor's""]"
Remote,"Vancouver, BC",[],"['javascript', 'css', 'html', 'api', 'node']",[]
In-person,"Surrey, BC",['Full-time'],[],"['college', 'cegep']"
In-person,"Vancouver, BC",[],[],"[""bachelor's"", 'college']"
In-person,"North Vancouver, BC",['Full-time'],"['javascript', 'css', 'html', 'jquery', 'c#', 'c++']","[""bachelor's""]"
In-person,"Richmond, BC",['Full-time'],['git'],"['college', 'cegep']"
In-person,"Vancouver, BC",['Full-time'],[],"['university', 'college', 'certificate', 'cegep']"
In-person,"Surrey, BC",['Full-time'],"['javascript', 'css', 'html', 'python', 'php']","[""bachelor's""]"
In-person,"Vancouver, BC","['Full-time', 'Part-time']",[],"[""bachelor's""]"
In-person,"Vancouver, BC",['Full-time'],[],"['university', 'college', 'certificate', 'cegep']"
In-person,"Vancouver, BC",['Full-time'],"['javascript', 'css', 'html', 'api', 'jquery', 'json', 'php', 'sass']","['university', 'college']"
In-person,"Surrey, BC",['Full-time'],[],"[""bachelor's""]"
In-person,"Vancouver, BC",['Full-time'],[],"['college', 'cegep']"
In-person,"Vancouver, BC",['Full-time'],"['javascript', 'api', 'git', 'python', 'linux']","[""bachelor's""]"
In-person,"Surrey, BC",['Full-time'],[],"['college', 'cegep']"
In-person,"Vancouver, BC",['Full-time'],[],"['university', 'college', 'certificate', 'cegep']"
In-person,"Surrey, BC",['Full-time'],"['javascript', 'html']","['university', 'college', 'certificate', 'cegep']"
In-person,"Vancouver, BC","['Full-time', 'Part-time']","['react', 'javascript', 'css', 'html', 'figma']","[""bachelor's""]"
Remote,"Vancouver, BC",['Full-time'],"['sql', 'react', 'javascript', 'angular', 'aws', 'api', 'jquery', 'git', 'cloud']",[]
In-person,"Port Coquitlam, BC",['Full-time'],"['sql', 'css', 'html', 'api', 'git', 'c++', 'python']","[""bachelor's""]"
In-person,"Vancouver, BC",['Full-time'],"['javascript', 'css', 'html', 'xml']","[""bachelor's""]"
In-person,"Langley, BC",['Full-time'],"['javascript', 'css', 'html']","[""bachelor's""]"
In-person,"Vancouver, BC",['Full-time'],"['react', 'javascript', 'css', 'html', 'git', 'node']",[]
In-person,"Port Coquitlam, BC",['Full-time'],"['javascript', 'css', 'html', 'c++', 'python', 'linux']",[]
Remote,"Vancouver, BC",['Full-time'],"['react', 'javascript', 'css', 'html']",['post-secondary']
In-person,"Surrey, BC",['Full-time'],"['javascript', 'html', 'xml', 'c++', 'php']",['certificate']
In-person,"Vancouver, BC",[],"['react', 'javascript', 'angular', 'api', 'git', 'restful', 'bootstrap']",[]
In-person,"Richmond, BC",['Full-time'],[],"[""bachelor's""]"
In-person,"Burnaby, BC",[],"['javascript', 'css', 'html', 'angular', 'jquery', 'restful', 'bootstrap']","[""bachelor's""]"
In-person,"Surrey, BC",['Full-time'],[],"['college', 'cegep']"
In-person,"Surrey, BC",['Full-time'],[],"['college', 'cegep']"
In-person,"North Vancouver, BC",['Full-time'],"['sql', 'javascript', 'css', 'html', 'api', 'git', 'cloud', 'php']",[]
In-person,"Vancouver, BC",['Contract'],['git'],[]
In-person,"Surrey, BC",['Full-time'],"['javascript', 'css', 'html', 'jquery']","[""bachelor's""]"
In-person,"Vancouver, BC",['Full-time'],"['react', 'javascript', 'css', 'html', 'api', 'figma', 'git', 'restful']","[""bachelor's""]"
In-person,"Kelowna, BC",['Full-time'],[],"['college', 'cegep']"
In-person,"Surrey, BC",['Full-time'],[],"['college', 'cegep']"
In-person,"North Vancouver, BC",['Full-time'],"['javascript', 'css', 'html', 'xml', 'c#', 'c++', 'php']","['college', 'cegep']"
In-person,"Vancouver, BC",['Full-time'],[],"[""bachelor's""]"
In-person,"Vancouver, BC",['Contract'],"['react', 'javascript', 'css', 'html']",['university']
In-person,"North Vancouver, BC",['Full-time'],"['javascript', 'html']","[""bachelor's""]"
In-person,"Surrey, BC",['Full-time'],[],"['university', 'college', 'certificate', 'cegep']"
In-person,"Richmond, BC",['Full-time'],[],[]
In-person,"Vancouver, BC",['Full-time'],"['react', 'javascript', 'css', 'html', 'git', 'php', 'sass']",[]
Remote,British Columbia,['Full-time'],"['aws', 'git']",[]
In-person,"Coquitlam, BC",['Contract'],['javascript'],[]
Hybrid remote,"Vancouver, BC",['Full-time'],"['react', 'javascript', 'css', 'api', 'git']","[""bachelor's""]"
In-person,"Coquitlam, BC",['Full-time'],"['sql', 'css', 'html', 'angular', 'jquery', 'c#', 'bootstrap']",[]
In-person,"Vancouver, BC",[],[],[]
In-person,"Burnaby, BC",['Part-time'],[],['college']
Hybrid remote,"Vancouver, BC",['Full-time'],"['react', 'javascript', 'css', 'api', 'rails']",[]
Hybrid remote,"Burnaby, BC","['Full-time', 'Contract']","['sql', 'react', 'css', 'html', 'aws', 'api', 'cloud', 'php']",[]
In-person,"Vancouver, BC",[],"['sql', 'react', 'javascript', 'next.js', 'aws', 'api', 'python', 'cloud']",[]
Remote,"Kelowna, BC",['Full-time'],"['react', 'javascript', 'css', 'html', 'angular', 'figma', 'jquery', 'git', 'json', 'bootstrap', 'php', 'sass']",[]
In-person,"Victoria, BC",['Full-time'],"['react', 'javascript', 'css', 'html', 'angular', 'aws', 'node', 'python']","[""bachelor's""]"
