In-person,"Quebec City, QC
+1 location",['Full-time'],"['react', 'javascript', 'css', 'html', 'api']",[]
In-person,"Sherbrooke, QC",['Full-time'],[],[]
Remote,Sa,['Full-time'],"['javascript', 'css', 'html', 'api', 'git', 'cloud']",[]
Remote,"Quebec City, QC
+1 location",['Full-time'],"['javascript', 'css', 'html', 'jquery', 'git', 'node', 'php']",[]
In-person,"Montréal, QC",['Full-time'],"['react', 'javascript', 'jquery', 'git', 'node']",[]
In-person,"Pointe-Claire, QC",['Full-time'],"['css', 'api']",[]
In-person,"Boucherville, QC",['Full-time'],[],[]
In-person,"Montréal, QC",[],[],[]
In-person,"Longueuil, QC",[],"['javascript', 'css', 'html', 'angular', 'jquery', 'git', 'c#', 'bootstrap', 'sass']",[]
In-person,"Montréal, QC",['Full-time'],"['javascript', 'css', 'html', 'angular', 'api', 'jquery', 'git', 'restful', 'xml', 'node', 'cloud', 'sass']",[]
In-person,"Blainville, QC",['Full-time'],[],[]
In-person,"Vaudreuil-Dorion, QC",['Part-time'],[],[]
In-person,"Montréal, QC",['Contract'],"['sql', 'react', 'javascript', 'angular', 'api', 'git', 'node', 'python', 'cloud', 'django']",[]
Remote,Sa,['Contract'],"['angular', ' java ', 'cloud']",[]
In-person,"Quebec City, QC",[],[],[]
In-person,"Quebec City, QC",['Full-time'],"['react', 'javascript', 'css', 'html', 'api', 'figma', 'php']",[]
Hybrid remote,"Quebec City, QC","['Full-time', 'Contract']","['react', 'javascript', 'css', 'html', 'angular', 'jquery', 'git']",[]
In-person,"Greater Montreal Area, QC",[],"['sql', 'javascript', 'css', 'html', 'jquery', 'git', 'php']",[]
In-person,"Quebec City, QC",[],"['css', 'html', 'figma']",[]
In-person,"Montréal, QC",['Full-time'],"['react', 'javascript', 'css', 'html', 'angular', 'api', 'git', 'sass']",[]
In-person,"Montréal, QC",['Full-time'],"['sql', 'javascript', 'css', 'html', 'angular', 'aws', 'node', ' java ', 'cloud']","[""bachelor's""]"
In-person,"Montréal, QC",[],"['javascript', 'css', 'html']",[]
In-person,"Montréal, QC",['Full-time'],"['react', 'javascript', 'css', 'html', 'angular', 'api', 'git', 'cloud', 'bootstrap']",[]
In-person,"Saguenay, QC",[],"['react', 'css', 'html', 'angular']",[]
In-person,"Laval, QC",[],"['react', 'javascript', 'css', 'html', 'node']",[]
In-person,"Montréal, QC",['Internship/Co-op'],[],[]
In-person,"Longueuil, QC",[],"['sql', 'css', 'html', 'figma', 'jquery', 'php']",[]
Remote,"Quebec City, QC",['Full-time'],"['css', 'html', 'api']",[]
In-person,"Saint-Rémi, QC",[],"['javascript', 'css', 'html', 'api', 'git', 'restful', 'json', 'c#']",[]
In-person,"Terrebonne, QC",['Contract'],[],[]
Remote,"Montréal, QC",[],"['javascript', 'css', 'html', 'angular', 'jquery', 'git', 'json', 'xml', 'bootstrap', 'sass']",[]
Hybrid remote,"Montréal, QC",[],"['react', 'javascript', 'css', 'next.js', 'angular', 'api', 'figma', 'git', 'node', 'sass']",[]
Remote,"Canal de la Rive Sud, QC",['Full-time'],"['javascript', 'css', 'html', 'sass']",[]
Remote,Po,['Full-time'],"['api', 'git']",[]
In-person,"Longueuil, QC",[],"['javascript', 'css', 'html', 'api']",[]
In-person,Canada,['Full-time'],['git'],"['university', 'post-secondary']"
In-person,"Dollard-Des Ormeaux, QC",['Full-time'],"['html', 'c++', 'python', 'linux', 'sass']","[""bachelor's""]"
Remote,"Montréal, QC",['Full-time'],"['javascript', 'css', 'html', 'angular', 'api', 'git', 'node', 'cloud', 'sass']","[""bachelor's""]"
Remote,"Montréal, QC",[],"['sql', 'react', 'javascript', 'css', 'html', 'angular', 'api', 'jquery', 'node', 'cloud', 'bootstrap']",['university']
In-person,"Laval, QC",['Full-time'],[],[]
In-person,"Montréal, QC",['Full-time'],"['react', 'javascript', 'css', 'html', 'angular', 'api', 'git', 'node', 'sass']",[]
In-person,"Montréal, QC",[],"['javascript', 'css', 'html', 'jquery', 'bootstrap', 'php']",[]
In-person,"Greater Montreal Area, QC",[],"['sql', 'javascript', 'css', 'html', 'jquery', 'php']",[]
In-person,"Montréal, QC","['Full-time', 'Contract']","['react', 'javascript', 'css', 'html', 'angular', 'api', 'jquery', 'git', 'node', 'bootstrap']","[""bachelor's"", 'university']"
In-person,"Quebec City, QC",['Full-time'],"['sql', 'css', 'html', 'api', 'xml', 'php']","['university', 'college', 'certificate', 'cegep']"
Remote,"Quebec City, QC",['Full-time'],"['react', 'git', 'node', 'cloud', 'php']",[]
Remote,"Montréal, QC",[],"['sql', 'react', 'javascript', 'css', 'html', 'api', 'git']",[]
Hybrid remote,"Sherbrooke, QC",['Full-time'],"['sql', 'javascript', 'css', 'html', 'php']",[]
Hybrid remote,"Montréal, QC",['Full-time'],"['javascript', 'html', 'git']",[]
In-person,"Longueuil, QC",[],[],[]
In-person,"Quebec City, QC",['Full-time'],"['sql', 'javascript', 'html', 'api', 'jquery', 'git', 'php']",[]
In-person,"Quebec City, QC",['Full-time'],"['react', 'javascript', 'css', 'html', 'angular', 'api', 'jquery', 'git', 'node', 'c#', 'php', 'sass']",[]
In-person,"Montréal, QC",[],"['react', 'css', 'html', 'api']",[]
In-person,"Saint-Mathieu-de-Beloeil, QC",[],"['sql', 'javascript', 'css', 'html', 'figma', 'jquery']",[]
In-person,"Montréal, QC",[],"['react', 'javascript', 'css', 'html', 'api', 'git', 'c#']",[]
Remote,"Canal de la Rive Sud, QC","['Full-time', 'Contract']","['css', 'html', 'figma']",[]
In-person,"Quebec City, QC",['Full-time'],"['sql', 'javascript', 'css', 'html', 'jquery', 'xml', 'node', 'php']",[]
In-person,"Quebec City, QC",[],"['javascript', 'css', 'html', 'jquery', 'git', 'php']",[]
In-person,"Quebec City, QC",[],"['sql', 'python']",[]
In-person,"Montréal, QC",[],"['sql', 'react', 'javascript', 'css', 'html', 'api', 'python', 'cloud', 'php']","[""bachelor's""]"
Remote,"Montréal, QC",['Full-time'],"['sql', 'javascript', 'css', 'git', 'linux', 'php']",[]
In-person,"Montréal, QC",['Full-time'],['api'],[]
In-person,"Boucherville, QC",['Full-time'],['api'],[]
In-person,"Quebec City, QC",['Full-time'],"['css', 'html', 'php']",[]
Remote,"Quebec City, QC
+2 locations","['Full-time', 'Contract']","['javascript', 'css', 'html']",[]
In-person,"Greater Montreal Area, QC",['Full-time'],"['css', 'html', 'git']",[]
Hybrid remote,"Quebec City, QC",['Full-time'],[],[]
In-person,"Laval, QC",['Part-time'],[],[]
In-person,"Trois-Rivières, QC",[],[],[]
Hybrid remote,"Montréal, QC",['Full-time'],"['javascript', 'css', 'html', 'git']",[]
In-person,"Montréal, QC",['Full-time'],[],[]
In-person,"Montréal, QC",[],"['react', 'javascript', 'css', 'html', 'angular', 'git', 'sass']",[]
Remote,"Montréal, QC",['Internship/Co-op'],"['api', 'figma']",[]
In-person,Canada,['Full-time'],['git'],"['university', 'post-secondary']"
In-person,"Montréal, QC",['Contract'],['angular'],[]
Hybrid remote,"Montréal, QC",['Full-time'],"['javascript', 'css', 'html', 'git']",[]
In-person,"Quebec City, QC",['Full-time'],"['javascript', 'css', 'html', 'git', 'php', 'sass']",[]
Hybrid remote,"Montréal, QC",['Full-time'],"['react', 'javascript', 'css', 'html', 'api', 'restful', 'cloud']",[]
In-person,"Montréal, QC",[],"['javascript', 'angular', ' java ']",[]
In-person,"Quebec City, QC",['Full-time'],[],[]
Remote,Sa,['Full-time'],"['javascript', 'css', 'html', 'git', 'php']",[]
In-person,"Montréal, QC",['Full-time'],"['react', 'javascript', 'css', 'next.js', 'angular', 'api', 'git', 'restful', 'sass']",[]
In-person,"North Hatley, QC",[],"['sql', 'javascript', 'css', 'html', 'api', 'jquery', 'json', 'php']",[]
In-person,"Quebec City, QC",[],"['css', 'html']",[]
In-person,"Montréal, QC",['Full-time'],"['javascript', 'css', 'html', 'angular', 'jquery', ' java ', 'linux', 'bootstrap']",[]
In-person,"Quebec City, QC",['Full-time'],"['api', 'git', 'php']",[]
In-person,"Montréal, QC",['Full-time'],"['javascript', 'css', 'html', 'angular', 'api', 'git', 'node', 'php', 'sass']",[]
In-person,"Quebec City, QC",[],"['css', 'html']",[]
In-person,"Sherbrooke, QC",['Full-time'],"['css', 'html']",[]
In-person,"Montréal, QC",[],"['figma', 'git']",[]
Hybrid remote,"Vaudreuil-Dorion, QC",['Full-time'],['api'],[]
In-person,"Montréal, QC",[],"['react', 'javascript', 'css', 'html', 'angular', 'api', 'jquery', 'git', 'node', 'bootstrap']",['university']
In-person,"Greater Montreal Area, QC",[],"['sql', 'react', 'javascript', 'css', 'html', 'aws', 'api', 'node', 'cloud']",[]
In-person,"Montréal, QC",['Internship/Co-op'],[],[]
In-person,"Saint-Mathieu-de-Beloeil, QC",[],[],[]
In-person,"Quebec City, QC",[],[],[]
In-person,"Quebec City, QC",[],"['sql', 'react', 'javascript', 'css', 'html', 'angular', 'git', 'json', 'xml', 'python', 'cloud', 'linux']",[]
In-person,"Montréal, QC",['Full-time'],"['javascript', 'css', 'html', 'api', 'figma', 'git']",[]
In-person,"Quebec City, QC",['Full-time'],"['javascript', 'css', 'html', 'figma']",[]
Remote,"Montréal, QC",['Full-time'],[],[]
In-person,"Saguenay, QC",['Full-time'],"['react', 'api', 'sass']",[]
In-person,"Quebec City, QC",[],[],[]
In-person,"Montréal, QC",['Contract'],"['angular', 'git']",[]
In-person,"Laval, QC",[],"['html', 'jquery', 'php']",[]
In-person,"Greater Montreal Area, QC",[],[],[]
Remote,Sa,['Full-time'],"['css', 'html', 'angular', 'api', 'git', 'sass']",[]
