Hybrid remote,"Vancouver, BC",['Full-time'],"['sql', 'javascript', 'css', 'html', 'jquery', 'git', 'java', 'python']",['certificate']
In-person,"Vancouver, BC",['Full-time'],"['react', 'javascript', 'css', 'html', 'figma', 'node', 'java']",[]
Hybrid remote,"Vancouver, BC",['Full-time'],"['react', 'javascript', 'css', 'html', 'next.js', 'aws', 'api', 'node', 'java', 'cloud']",[]
In-person,"Vancouver, BC",['Full-time'],[],"['university', 'college', 'certificate', 'cegep']"
Hybrid remote,"Burnaby, BC",['Contract'],"['sql', 'react', 'javascript', 'css', 'html', 'aws', 'figma', 'jquery', 'git', 'restful', 'json', 'xml', 'java', 'bootstrap']","[""bachelor's"", 'university']"
Hybrid remote,"Vancouver, BC
+1 location",['Full-time'],"['sql', 'react', 'javascript', 'css', 'html', 'angular', 'api', 'restful', 'node', 'c#', 'java', 'python']",[]
Remote,"Vancouver, BC",[],"['sql', 'react', 'javascript', 'css', 'angular', 'api', 'git', 'node', 'c++', 'java']",['graduate']
In-person,"Burnaby, BC",['Full-time'],"['react', 'javascript', 'css', 'html', 'angular', 'jquery', 'c++', 'java', 'python', 'bootstrap']","[""bachelor's""]"
In-person,"Richmond, BC",['Full-time'],"['react', 'javascript', 'css', 'html', 'java']","[""bachelor's""]"
In-person,"Richmond, BC",['Full-time'],"['sql', 'api', 'node', 'java', 'python', 'django']","[""bachelor's""]"
In-person,"Abbotsford, BC",['Full-time'],[],"['university', 'college', 'certificate', 'cegep']"
In-person,"Surrey, BC",['Full-time'],"['sql', 'react', 'javascript', 'css', 'html', 'jquery', 'java', 'python']","[""bachelor's""]"
Hybrid remote,"Surrey, BC",['Full-time'],"['javascript', 'css', 'html', 'angular', 'java']","[""bachelor's""]"
In-person,"Surrey, BC",['Full-time'],[],"[""bachelor's""]"
Hybrid remote,"Vancouver, BC",['Full-time'],"['react', 'javascript', 'css', 'html', 'node', 'java']",[]
In-person,"Coquitlam, BC",['Full-time'],[],"[""bachelor's""]"
In-person,"White Rock, BC",['Full-time'],"['sql', 'react', 'javascript', 'css', 'html', 'jquery', 'java', 'python']","[""bachelor's""]"
In-person,"Vancouver, BC",['Full-time'],[],"['university', 'college', 'certificate', 'cegep']"
In-person,"Abbotsford, BC",['Full-time'],[],"['university', 'college', 'certificate', 'cegep']"
In-person,"Burnaby, BC",['Full-time'],"['sql', 'react', 'javascript', 'css', 'html', 'java']","[""bachelor's""]"
In-person,"Delta, BC",['Full-time'],"['sql', 'javascript', 'css', 'html', 'jquery', 'java']","[""bachelor's""]"
In-person,"Vancouver, BC",['Full-time'],[],"['college', 'cegep']"
In-person,"Surrey, BC",['Full-time'],[],"['college', 'cegep']"
In-person,"Surrey, BC",['Full-time'],[],"[""bachelor's""]"
In-person,"Surrey, BC",['Full-time'],"['sql', 'react', 'css', 'html', 'jquery', 'python']","[""bachelor's""]"
In-person,"Abbotsford, BC",['Full-time'],"['javascript', 'html', 'c++', 'java']","[""bachelor's""]"
In-person,"Vancouver, BC",['Full-time'],"['javascript', 'css', 'html', 'java']","['college', 'cegep']"
In-person,"Surrey, BC",['Full-time'],"['react', 'javascript', 'css', 'html', 'java', 'cloud', 'bootstrap']",[]
Remote,"Vancouver, BC",['Full-time'],"['git', 'cloud']",[]
Remote,"Burnaby, BC",['Full-time'],"['javascript', 'css', 'html', 'angular', 'jquery', 'java']","[""bachelor's""]"
In-person,"Vancouver, BC",['Full-time'],"['javascript', 'css', 'html', 'java']","['college', 'cegep']"
In-person,"Surrey, BC",['Full-time'],[],"[""bachelor's""]"
In-person,"Chilliwack, BC",['Full-time'],[],"['college', 'cegep']"
In-person,"Vancouver, BC",['Full-time'],[],"['college', 'cegep']"
In-person,"West Vancouver, BC",['Full-time'],[],['college']
In-person,"Surrey, BC",['Full-time'],[],"['college', 'cegep']"
In-person,"Surrey, BC",['Full-time'],[],"[""bachelor's""]"
In-person,"Abbotsford, BC",['Full-time'],['html'],"[""bachelor's""]"
In-person,"Vancouver, BC",['Full-time'],[],['certificate']
In-person,"Victoria, BC","['Full-time', 'Part-time']",[],"['college', 'cegep']"
In-person,"Victoria, BC",['Full-time'],[],"['college', 'cegep']"
In-person,"Coquitlam, BC","['Full-time', 'Part-time']",[],"['university', 'college', 'certificate', 'cegep']"
In-person,"Vancouver, BC",['Full-time'],[],"['university', 'college', 'certificate', 'cegep']"
In-person,"Surrey, BC",['Full-time'],[],"[""bachelor's""]"
In-person,"Vancouver, BC",['Full-time'],[],"['college', 'cegep']"
In-person,"Vancouver, BC",['Full-time'],[],"['university', 'college', 'certificate', 'cegep']"
In-person,"Surrey, BC",['Full-time'],[],"['college', 'cegep']"
In-person,"Abbotsford, BC",['Full-time'],[],"['university', 'college', 'certificate', 'cegep']"
Remote,"Vancouver, BC",[],"['javascript', 'css', 'html', 'java']",[]
In-person,"Surrey, BC",['Full-time'],[],"['college', 'cegep']"
In-person,"Surrey, BC",['Full-time'],[],"[""bachelor's""]"
In-person,"Richmond, BC",['Full-time'],['git'],"['college', 'cegep']"
In-person,"Port Coquitlam, BC",['Full-time'],[],"['university', 'college', 'certificate', 'cegep']"
In-person,"Vancouver, BC","['Full-time', 'Part-time']","['react', 'javascript', 'css', 'html', 'figma', 'java']","[""bachelor's""]"
In-person,"Surrey, BC",['Full-time'],[],"['university', 'college', 'certificate', 'cegep']"
In-person,"Maple Ridge, BC",['Full-time'],[],"['college', 'cegep']"
In-person,"North Vancouver, BC",['Full-time'],[],"[""bachelor's""]"
In-person,"Surrey, BC",['Full-time'],[],"[""bachelor's""]"
In-person,"Vancouver, BC","['Full-time', 'Part-time']",[],"[""bachelor's""]"
In-person,"Vernon, BC",['Full-time'],[],"[""bachelor's""]"
In-person,"Victoria, BC",['Full-time'],[],"['university', 'college', 'certificate', 'cegep']"
In-person,"Port Coquitlam, BC",['Full-time'],"['javascript', 'css', 'html', 'c++', 'java', 'python', 'linux']",[]
In-person,"Surrey, BC",['Full-time'],[],"['college', 'cegep']"
In-person,"Surrey, BC",['Full-time'],[],"[""bachelor's""]"
In-person,"Surrey, BC",['Full-time'],"['javascript', 'html', 'java']","['university', 'college', 'certificate', 'cegep']"
In-person,"Victoria, BC",['Full-time'],[],"[""bachelor's""]"
In-person,"Victoria, BC",['Full-time'],[],"[""bachelor's""]"
In-person,"Vancouver, BC",[],"['react', 'javascript', 'css', 'html', 'api', 'figma', 'git', 'restful', 'java']","[""bachelor's""]"
In-person,"Surrey, BC",['Full-time'],[],"['college', 'cegep']"
In-person,"Vancouver, BC",['Full-time'],"['sql', 'react', 'javascript', 'java']","['university', 'college', 'certificate', 'cegep']"
In-person,"Abbotsford, BC",['Full-time'],[],"[""bachelor's""]"
In-person,"North Vancouver, BC",['Full-time'],[],"['university', 'college', 'certificate', 'cegep']"
In-person,"Coquitlam, BC",['Full-time'],[],"['college', 'cegep']"
In-person,"Vancouver, BC",[],"['sql', 'react', 'javascript', 'next.js', 'aws', 'api', 'java', 'python', 'cloud']",[]
In-person,"Burnaby, BC",['Full-time'],"['sql', 'javascript', 'css', 'html', 'xml', 'c#', 'c++', 'java']","[""bachelor's""]"
In-person,"Vancouver, BC",['Full-time'],[],"['university', 'college', 'certificate', 'cegep']"
In-person,"Vancouver, BC",['Full-time'],[],"['university', 'college', 'certificate', 'cegep']"
In-person,"Surrey, BC",['Full-time'],"['javascript', 'css', 'html', 'jquery', 'java']","[""bachelor's""]"
Remote,"Vancouver, BC",[],"['css', 'html', 'git', 'cloud']",[]
In-person,"Burnaby, BC",[],"['javascript', 'css', 'html', 'angular', 'jquery', 'restful', 'java', 'bootstrap']","[""bachelor's""]"
In-person,"Vancouver, BC",[],[],"[""bachelor's"", 'college']"
Remote,British Columbia,['Full-time'],"['aws', 'git']",[]
In-person,"Richmond, BC",['Full-time'],[],"[""bachelor's""]"
In-person,"Abbotsford, BC",['Full-time'],[],"['university', 'college', 'certificate', 'cegep']"
Remote,"Vancouver, BC",['Full-time'],"['react', 'javascript', 'css', 'html', 'angular', 'api', 'c#', 'java', 'python']","[""bachelor's"", 'graduate']"
Hybrid remote,"Vancouver, BC",['Full-time'],"['react', 'javascript', 'css', 'api', 'java']",[]
In-person,"Surrey, BC",['Internship/Co-op'],"['react', 'javascript', 'css', 'html', 'angular', 'git', 'node', 'c#', 'java', 'cloud', 'linux', 'bootstrap']",['graduate']
In-person,"Langley, BC",['Full-time'],"['javascript', 'css', 'html', 'java']","[""bachelor's""]"
In-person,"Surrey, BC",['Full-time'],[],"['university', 'college', 'certificate', 'cegep']"
In-person,"Surrey, BC",['Full-time'],[],"['college', 'cegep']"
In-person,"Surrey, BC",['Full-time'],[],"['college', 'cegep']"
In-person,"Surrey, BC",['Full-time'],"['javascript', 'html', 'java']","['university', 'college', 'certificate', 'cegep']"
In-person,"Vancouver, BC",['Full-time'],[],"[""bachelor's""]"
In-person,"Surrey, BC",['Full-time'],"['javascript', 'css', 'html', 'java', 'python']","[""bachelor's""]"
Remote,"Vancouver, BC",['Full-time'],"['sql', 'react', 'javascript', 'angular', 'aws', 'api', 'jquery', 'git', 'java', 'cloud']",[]
In-person,"Vancouver, BC",['Contract'],['git'],[]
In-person,"Surrey, BC",['Full-time'],[],"['college', 'cegep']"
In-person,"Kelowna, BC",['Full-time'],[],"['college', 'cegep']"
In-person,"North Vancouver, BC",['Full-time'],"['javascript', 'css', 'html', 'jquery', 'c#', 'c++', 'java']","[""bachelor's""]"
In-person,"Vancouver, BC",['Full-time'],"['sql', 'react', 'javascript', 'css', 'html', 'angular', 'jquery', 'xml', 'java']","['college', 'cegep']"
In-person,"Surrey, BC",['Full-time'],[],"[""bachelor's""]"
In-person,"Surrey, BC",['Full-time'],[],"['college', 'cegep']"
In-person,"Coquitlam, BC",['Full-time'],"['sql', 'css', 'html', 'angular', 'jquery', 'c#', 'bootstrap']",[]
Remote,"Vancouver, BC",[],"['javascript', 'css', 'html', 'api', 'node', 'java']",[]
In-person,"Vancouver, BC",[],"['react', 'javascript', 'angular', 'api', 'git', 'restful', 'java', 'bootstrap']",[]
In-person,"Victoria, BC",['Full-time'],"['react', 'javascript', 'css', 'html', 'angular', 'aws', 'node', 'java', 'python']","[""bachelor's""]"
In-person,"Vancouver, BC",['Full-time'],"['javascript', 'css', 'html', 'xml', 'java']","[""bachelor's""]"
In-person,"Vancouver, BC",['Full-time'],[],"['college', 'cegep']"
In-person,"Vancouver, BC",[],[],[]
In-person,"Coquitlam, BC",['Contract'],"['javascript', 'java']",[]
In-person,"Vancouver, BC",['Full-time'],[],"['university', 'college', 'certificate', 'cegep']"
In-person,"Vancouver, BC",['Full-time'],"['javascript', 'css', 'html', 'api', 'jquery', 'json', 'java']","['university', 'college']"
Hybrid remote,"Vancouver, BC",['Full-time'],"['react', 'javascript', 'css', 'api', 'git', 'java']","[""bachelor's""]"
In-person,"Port Coquitlam, BC",['Full-time'],"['sql', 'css', 'html', 'api', 'git', 'c++', 'python']","[""bachelor's""]"
In-person,"North Vancouver, BC",['Full-time'],"['sql', 'javascript', 'css', 'html', 'api', 'git', 'java', 'cloud']",[]
In-person,"Richmond, BC",['Full-time'],[],[]
In-person,"Vancouver, BC",['Contract'],"['sql', 'react', 'aws', 'api', 'git', 'cloud']",[]
In-person,"Vancouver, BC",['Full-time'],"['react', 'javascript', 'css', 'html', 'git', 'node', 'java']",[]
In-person,"Vancouver, BC",[],"['react', 'javascript', 'css', 'html', 'node', 'java']",[]
In-person,"Vancouver, BC",['Full-time'],"['javascript', 'api', 'git', 'java', 'python', 'linux']","[""bachelor's""]"
Hybrid remote,"Victoria, BC",['Full-time'],"['sql', 'javascript', 'css', 'html', 'jquery', 'json', 'xml', 'java', 'bootstrap']",['post-secondary']
Remote,"Vancouver, BC",['Full-time'],"['sql', 'react', 'javascript', 'angular', 'aws', 'api', 'jquery', 'git', 'java', 'cloud']",[]
In-person,"Surrey, BC",['Full-time'],[],"['university', 'college', 'certificate', 'cegep']"
Remote,"Vancouver, BC",[],"['react', 'javascript', 'css', 'html', 'git', 'java', 'cloud']",[]
